9b3bae75c0eec12086326df84b8a4c97c844617784587551b0ca2011230d72afb2fd1827e8e51bc84e25b1dbf4b308df7f37a96502c4f22b2e813f21baecbb49,Native Android,4/23/2016,14:40:31,Eastern Daylight Time,N/A,N/A,"[5c5328cb41e2939c95439e847bbf5ead70a5d9e17a8498691bfa14a69afe55382963cdecad226568a449b8b68c884eab755f5aa27ed5d55a25e30870820d0b88, f391987de85392fcf3aa065b82a152beba5158c77a58f32cd63d6a5fc48688b21f571ffcba3483ea181d44457c188024e7b9dd27980ecc63a2866cf8bb8adc49, 3f2439eecffaf44ebdb23442b55fb375e791afc4c3297141b95626687d7a47d8f73b87e206c9147c31680dcbb6e3e8124e578c88ce31d88c46565c297a7d4cf2, 542691e5fcb073e26f9d65608b461e4cdc6b0a4e6a509b7cc2864a650f95d9d608179ca09565d2a144b958d5b08309b96e500f2eb5116e8b664ff349fd566bee]",0302a6c1e80a09590776a9943bb5180f9b32b4e5b283976248ce43c702120a5d410578a8e786ab8254b645557a9753cc1e74d310f8e80030173c900108dcb1b4,"[gfx.ms]"
9b3bae75c0eec12086326df84b8a4c97c844617784587551b0ca2011230d72afb2fd1827e8e51bc84e25b1dbf4b308df7f37a96502c4f22b2e813f21baecbb49,Native Android,4/23/2016,14:40:31,Eastern Daylight Time,N/A,N/A,"[5c5328cb41e2939c95439e847bbf5ead70a5d9e17a8498691bfa14a69afe55382963cdecad226568a449b8b68c884eab755f5aa27ed5d55a25e30870820d0b88, f391987de85392fcf3aa065b82a152beba5158c77a58f32cd63d6a5fc48688b21f571ffcba3483ea181d44457c188024e7b9dd27980ecc63a2866cf8bb8adc49, 3f2439eecffaf44ebdb23442b55fb375e791afc4c3297141b95626687d7a47d8f73b87e206c9147c31680dcbb6e3e8124e578c88ce31d88c46565c297a7d4cf2, 542691e5fcb073e26f9d65608b461e4cdc6b0a4e6a509b7cc2864a650f95d9d608179ca09565d2a144b958d5b08309b96e500f2eb5116e8b664ff349fd566bee]",0302a6c1e80a09590776a9943bb5180f9b32b4e5b283976248ce43c702120a5d410578a8e786ab8254b645557a9753cc1e74d310f8e80030173c900108dcb1b4,"[gfx.ms]"
9b3bae75c0eec12086326df84b8a4c97c844617784587551b0ca2011230d72afb2fd1827e8e51bc84e25b1dbf4b308df7f37a96502c4f22b2e813f21baecbb49,Native Android,4/23/2016,14:42:14,Eastern Daylight Time,N/A,N/A,"[N/A, c9d9f06d5e24609ca4ef4dfdf66dc5b5991774c66d710840b289f1ffb7c81449baab615e9c05cf294bc444e6bba47eea5e62f94d6122a90e67d13d9e584c0f96, 3f2439eecffaf44ebdb23442b55fb375e791afc4c3297141b95626687d7a47d8f73b87e206c9147c31680dcbb6e3e8124e578c88ce31d88c46565c297a7d4cf2, 9b92b487e44ecffa760f51b6c639b76a07f93c05523992038dac71195a36716f3869bda75cac37ed9aa5e7b5558b637c08f108340ad98176444988fc4e95e2f7]",39aecca410c1967e860de214c053e593a34579e188ab795741bfeb5edca50cadbd0d8741a7fabdbca5296286996c86ba551f97babbe0feb7fca7fbd5f8fced7f,"[ajax.googleapis.com, doubleclick.net, googletagmanager.com, google.com, fonts.googleapis.com, maps.googleapis.com, googleusercontent.com, khms0.googleapis.com, content.googleapis.com, gstatic.com, commondatastorage.googleapis.com, google-analytics.com, khms1.googleapis.com]"
9b3bae75c0eec12086326df84b8a4c97c844617784587551b0ca2011230d72afb2fd1827e8e51bc84e25b1dbf4b308df7f37a96502c4f22b2e813f21baecbb49,Native Android,4/23/2016,14:42:55,Eastern Daylight Time,N/A,N/A,"[5c5328cb41e2939c95439e847bbf5ead70a5d9e17a8498691bfa14a69afe55382963cdecad226568a449b8b68c884eab755f5aa27ed5d55a25e30870820d0b88, f391987de85392fcf3aa065b82a152beba5158c77a58f32cd63d6a5fc48688b21f571ffcba3483ea181d44457c188024e7b9dd27980ecc63a2866cf8bb8adc49, 3f2439eecffaf44ebdb23442b55fb375e791afc4c3297141b95626687d7a47d8f73b87e206c9147c31680dcbb6e3e8124e578c88ce31d88c46565c297a7d4cf2, 542691e5fcb073e26f9d65608b461e4cdc6b0a4e6a509b7cc2864a650f95d9d608179ca09565d2a144b958d5b08309b96e500f2eb5116e8b664ff349fd566bee]",0302a6c1e80a09590776a9943bb5180f9b32b4e5b283976248ce43c702120a5d410578a8e786ab8254b645557a9753cc1e74d310f8e80030173c900108dcb1b4,"[gfx.ms]"
N/A,Native Android,4/23/2016,14:43:19,Eastern Daylight Time,N/A,N/A,"[9b850b723c64cbcfa7382bac3824b114797e3d1cfa5afb3ece15a531dae8ed9e7029b44fa426331b048ec2ee96026be558bb8591c3b0697ba1dfe8dabaf70fb5, f391987de85392fcf3aa065b82a152beba5158c77a58f32cd63d6a5fc48688b21f571ffcba3483ea181d44457c188024e7b9dd27980ecc63a2866cf8bb8adc49, 3f2439eecffaf44ebdb23442b55fb375e791afc4c3297141b95626687d7a47d8f73b87e206c9147c31680dcbb6e3e8124e578c88ce31d88c46565c297a7d4cf2, 363a62ce6de5fa8656ee9bbb0f3e45572bc8e3ab720eef95d5c48e92abc43acb5846b08cffbca22c022ed56fdd5f26510b2bc96b5eed6b24cc0dc3e8f657d9f2]",03be3d70df14982527e61ce4fcde55f479e3b14c70ea4b67be6b2c77ddca25b6f1351265251045c95a8739bc4e72788c483cde5237cde3202cddace04ac8bc48,"N/A"
N/A,Native Android,4/23/2016,14:43:01,Eastern Daylight Time,N/A,N/A,"[N/A, c9d9f06d5e24609ca4ef4dfdf66dc5b5991774c66d710840b289f1ffb7c81449baab615e9c05cf294bc444e6bba47eea5e62f94d6122a90e67d13d9e584c0f96, 3f2439eecffaf44ebdb23442b55fb375e791afc4c3297141b95626687d7a47d8f73b87e206c9147c31680dcbb6e3e8124e578c88ce31d88c46565c297a7d4cf2, a853ebbe735097ca95fc9ccbfea23c32b7b869309da48177f5f7e3e0b325f3fab6c809921e4a2d47937ff1ac1ead5edfb86af9077c7cd8ef92c7c0b0128b0f82]",c39ecf5c4a9a8336e28122d9f2ddb16bba2515293ea0e0c23cad43d2912592dd9a633eaff5f1ea5f7ed67ec55268d21ed73895c2836996f93de1d13c589e3706,"[ajax.googleapis.com, doubleclick.net, googletagmanager.com, google.com, fonts.googleapis.com, maps.googleapis.com, googleusercontent.com, khms0.googleapis.com, content.googleapis.com, gstatic.com, commondatastorage.googleapis.com, google-analytics.com, khms1.googleapis.com]"
6d9e4f22455e3d68db2579c78d56c8ebf5bc00978d6f6626d3fde87723580e2f46bda8ad62fdac54da8368613e0b37c499e8a8bd8cc485475783c0589a7831a7,Native Android,4/28/2016,13:44:38,Eastern Daylight Time,N/A,N/A,"[5c5328cb41e2939c95439e847bbf5ead70a5d9e17a8498691bfa14a69afe55382963cdecad226568a449b8b68c884eab755f5aa27ed5d55a25e30870820d0b88, f391987de85392fcf3aa065b82a152beba5158c77a58f32cd63d6a5fc48688b21f571ffcba3483ea181d44457c188024e7b9dd27980ecc63a2866cf8bb8adc49, 3f2439eecffaf44ebdb23442b55fb375e791afc4c3297141b95626687d7a47d8f73b87e206c9147c31680dcbb6e3e8124e578c88ce31d88c46565c297a7d4cf2, 542691e5fcb073e26f9d65608b461e4cdc6b0a4e6a509b7cc2864a650f95d9d608179ca09565d2a144b958d5b08309b96e500f2eb5116e8b664ff349fd566bee]",0302a6c1e80a09590776a9943bb5180f9b32b4e5b283976248ce43c702120a5d410578a8e786ab8254b645557a9753cc1e74d310f8e80030173c900108dcb1b4,"[gfx.ms]"
N/A,Native Android,4/28/2016,13:44:36,Eastern Daylight Time,N/A,N/A,"[9b850b723c64cbcfa7382bac3824b114797e3d1cfa5afb3ece15a531dae8ed9e7029b44fa426331b048ec2ee96026be558bb8591c3b0697ba1dfe8dabaf70fb5, f391987de85392fcf3aa065b82a152beba5158c77a58f32cd63d6a5fc48688b21f571ffcba3483ea181d44457c188024e7b9dd27980ecc63a2866cf8bb8adc49, 3f2439eecffaf44ebdb23442b55fb375e791afc4c3297141b95626687d7a47d8f73b87e206c9147c31680dcbb6e3e8124e578c88ce31d88c46565c297a7d4cf2, 363a62ce6de5fa8656ee9bbb0f3e45572bc8e3ab720eef95d5c48e92abc43acb5846b08cffbca22c022ed56fdd5f26510b2bc96b5eed6b24cc0dc3e8f657d9f2]",03be3d70df14982527e61ce4fcde55f479e3b14c70ea4b67be6b2c77ddca25b6f1351265251045c95a8739bc4e72788c483cde5237cde3202cddace04ac8bc48,"N/A"
6d9e4f22455e3d68db2579c78d56c8ebf5bc00978d6f6626d3fde87723580e2f46bda8ad62fdac54da8368613e0b37c499e8a8bd8cc485475783c0589a7831a7,Native Android,4/28/2016,13:45:57,Eastern Daylight Time,N/A,N/A,"[5c5328cb41e2939c95439e847bbf5ead70a5d9e17a8498691bfa14a69afe55382963cdecad226568a449b8b68c884eab755f5aa27ed5d55a25e30870820d0b88, f391987de85392fcf3aa065b82a152beba5158c77a58f32cd63d6a5fc48688b21f571ffcba3483ea181d44457c188024e7b9dd27980ecc63a2866cf8bb8adc49, 3f2439eecffaf44ebdb23442b55fb375e791afc4c3297141b95626687d7a47d8f73b87e206c9147c31680dcbb6e3e8124e578c88ce31d88c46565c297a7d4cf2, 542691e5fcb073e26f9d65608b461e4cdc6b0a4e6a509b7cc2864a650f95d9d608179ca09565d2a144b958d5b08309b96e500f2eb5116e8b664ff349fd566bee]",0302a6c1e80a09590776a9943bb5180f9b32b4e5b283976248ce43c702120a5d410578a8e786ab8254b645557a9753cc1e74d310f8e80030173c900108dcb1b4,"[gfx.ms]"
6d9e4f22455e3d68db2579c78d56c8ebf5bc00978d6f6626d3fde87723580e2f46bda8ad62fdac54da8368613e0b37c499e8a8bd8cc485475783c0589a7831a7,Native Android,4/28/2016,13:46:51,Eastern Daylight Time,N/A,N/A,"[N/A, c9d9f06d5e24609ca4ef4dfdf66dc5b5991774c66d710840b289f1ffb7c81449baab615e9c05cf294bc444e6bba47eea5e62f94d6122a90e67d13d9e584c0f96, 3f2439eecffaf44ebdb23442b55fb375e791afc4c3297141b95626687d7a47d8f73b87e206c9147c31680dcbb6e3e8124e578c88ce31d88c46565c297a7d4cf2, 9b92b487e44ecffa760f51b6c639b76a07f93c05523992038dac71195a36716f3869bda75cac37ed9aa5e7b5558b637c08f108340ad98176444988fc4e95e2f7]",39aecca410c1967e860de214c053e593a34579e188ab795741bfeb5edca50cadbd0d8741a7fabdbca5296286996c86ba551f97babbe0feb7fca7fbd5f8fced7f,"[ajax.googleapis.com, doubleclick.net, googletagmanager.com, google.com, fonts.googleapis.com, maps.googleapis.com, googleusercontent.com, khms0.googleapis.com, content.googleapis.com, gstatic.com, commondatastorage.googleapis.com, google-analytics.com, khms1.googleapis.com]"
N/A,Native Android,4/28/2016,13:46:48,Eastern Daylight Time,N/A,N/A,"[N/A, 1f3369905b96853d41ea312741227edc6f3f47d116d157b11cb729ba9a01a5939becb83783da6ee8794dfe05ccfa1dc5a85fe9e7b87fc12f6f4b276b5dc79ce0, 3f2439eecffaf44ebdb23442b55fb375e791afc4c3297141b95626687d7a47d8f73b87e206c9147c31680dcbb6e3e8124e578c88ce31d88c46565c297a7d4cf2, N/A]",60093167af89a1829edab1f13e398e2d8eb6863866ab01e5589582636f7a27ab20579ea80356697ac47315f4e11241d469390953b59850c849af6d9ef3984582,"[google-analytics.com, doubleclick.net]"
N/A,Native Android,4/28/2016,13:47:02,Eastern Daylight Time,N/A,N/A,"[1835f91e1d0591d5450f75e62fa6603fe3d9c62b9d39213fc6da5fecd8971b4f48102619587baf66258230a24d87841bf2d347c83e0cb7beabc092786d5de93d, bbbe48f2755a157a244f793d7dfab68cccbe16560aa9a56dd50e075018e6eb7a2002fe8ffcfe2fe81ed2cbb4c675a9ac17ace6a330a9a061b579fc2ed6c238c7, 297fb5728cd829a3b854560e5adbd758edffa7ff803f38f9823e30603299c0d434232a011544b99c46e096baf9e54721230e407a3c7e2bb616e5d8ad0994d4b5, 0c7c004ffcfcb13588101707143390ab6a9ed7f8206e0f3c739ed195ec06491c28ab11cd6b84f10e8a3b63965f62da7df80a97f493abd625a454c97f08815783]",60093167af89a1829edab1f13e398e2d8eb6863866ab01e5589582636f7a27ab20579ea80356697ac47315f4e11241d469390953b59850c849af6d9ef3984582,"N/A"
N/A,Native Android,4/28/2016,13:47:05,Eastern Daylight Time,N/A,N/A,"[1835f91e1d0591d5450f75e62fa6603fe3d9c62b9d39213fc6da5fecd8971b4f48102619587baf66258230a24d87841bf2d347c83e0cb7beabc092786d5de93d, bbbe48f2755a157a244f793d7dfab68cccbe16560aa9a56dd50e075018e6eb7a2002fe8ffcfe2fe81ed2cbb4c675a9ac17ace6a330a9a061b579fc2ed6c238c7, 297fb5728cd829a3b854560e5adbd758edffa7ff803f38f9823e30603299c0d434232a011544b99c46e096baf9e54721230e407a3c7e2bb616e5d8ad0994d4b5, 55927797013576d81d7e09efc8a65f39d513e8309fe5903792e5684abd49d6fd3d20f44af6a120c2c056d7443530fbab291b406fc304da19b79b60ec8c5b1941]",60093167af89a1829edab1f13e398e2d8eb6863866ab01e5589582636f7a27ab20579ea80356697ac47315f4e11241d469390953b59850c849af6d9ef3984582,"N/A"
4a7c199858478bff603f1ea79aa81f9a8859069291971451b1fdcd682a66d896d846c8131ce6556a6f3c16177d73546d7878cda5758b238039c6451dd93b7df9,Native Android,4/28/2016,13:47:40,Eastern Daylight Time,N/A,N/A,"[N/A, c9d9f06d5e24609ca4ef4dfdf66dc5b5991774c66d710840b289f1ffb7c81449baab615e9c05cf294bc444e6bba47eea5e62f94d6122a90e67d13d9e584c0f96, 3f2439eecffaf44ebdb23442b55fb375e791afc4c3297141b95626687d7a47d8f73b87e206c9147c31680dcbb6e3e8124e578c88ce31d88c46565c297a7d4cf2, 9b92b487e44ecffa760f51b6c639b76a07f93c05523992038dac71195a36716f3869bda75cac37ed9aa5e7b5558b637c08f108340ad98176444988fc4e95e2f7]",39aecca410c1967e860de214c053e593a34579e188ab795741bfeb5edca50cadbd0d8741a7fabdbca5296286996c86ba551f97babbe0feb7fca7fbd5f8fced7f,"[ajax.googleapis.com, doubleclick.net, googletagmanager.com, google.com, fonts.googleapis.com, maps.googleapis.com, googleusercontent.com, khms0.googleapis.com, content.googleapis.com, gstatic.com, commondatastorage.googleapis.com, google-analytics.com, khms1.googleapis.com]"
N/A,Native Android,4/28/2016,13:47:02,Eastern Daylight Time,N/A,N/A,"[1835f91e1d0591d5450f75e62fa6603fe3d9c62b9d39213fc6da5fecd8971b4f48102619587baf66258230a24d87841bf2d347c83e0cb7beabc092786d5de93d, bbbe48f2755a157a244f793d7dfab68cccbe16560aa9a56dd50e075018e6eb7a2002fe8ffcfe2fe81ed2cbb4c675a9ac17ace6a330a9a061b579fc2ed6c238c7, 297fb5728cd829a3b854560e5adbd758edffa7ff803f38f9823e30603299c0d434232a011544b99c46e096baf9e54721230e407a3c7e2bb616e5d8ad0994d4b5, 0c7c004ffcfcb13588101707143390ab6a9ed7f8206e0f3c739ed195ec06491c28ab11cd6b84f10e8a3b63965f62da7df80a97f493abd625a454c97f08815783]",60093167af89a1829edab1f13e398e2d8eb6863866ab01e5589582636f7a27ab20579ea80356697ac47315f4e11241d469390953b59850c849af6d9ef3984582,"N/A"
N/A,Native Android,4/28/2016,13:47:05,Eastern Daylight Time,N/A,N/A,"[1835f91e1d0591d5450f75e62fa6603fe3d9c62b9d39213fc6da5fecd8971b4f48102619587baf66258230a24d87841bf2d347c83e0cb7beabc092786d5de93d, bbbe48f2755a157a244f793d7dfab68cccbe16560aa9a56dd50e075018e6eb7a2002fe8ffcfe2fe81ed2cbb4c675a9ac17ace6a330a9a061b579fc2ed6c238c7, 297fb5728cd829a3b854560e5adbd758edffa7ff803f38f9823e30603299c0d434232a011544b99c46e096baf9e54721230e407a3c7e2bb616e5d8ad0994d4b5, 55927797013576d81d7e09efc8a65f39d513e8309fe5903792e5684abd49d6fd3d20f44af6a120c2c056d7443530fbab291b406fc304da19b79b60ec8c5b1941]",60093167af89a1829edab1f13e398e2d8eb6863866ab01e5589582636f7a27ab20579ea80356697ac47315f4e11241d469390953b59850c849af6d9ef3984582,"N/A"
N/A,Native Android,4/28/2016,13:47:19,Eastern Daylight Time,N/A,N/A,"[b9e30d18326998ec90acf500ab1b32941f759eee8111ed2e33ad39d1ac777cd8f63fc525bd4b4e5e251e69b5e7b5cf039ddd5887b02ead21faf3de2d9f6161c1, bbbe48f2755a157a244f793d7dfab68cccbe16560aa9a56dd50e075018e6eb7a2002fe8ffcfe2fe81ed2cbb4c675a9ac17ace6a330a9a061b579fc2ed6c238c7, 297fb5728cd829a3b854560e5adbd758edffa7ff803f38f9823e30603299c0d434232a011544b99c46e096baf9e54721230e407a3c7e2bb616e5d8ad0994d4b5, N/A]",60093167af89a1829edab1f13e398e2d8eb6863866ab01e5589582636f7a27ab20579ea80356697ac47315f4e11241d469390953b59850c849af6d9ef3984582,"N/A"
N/A,Native Android,4/28/2016,13:47:33,Eastern Daylight Time,N/A,N/A,"[N/A, 1f3369905b96853d41ea312741227edc6f3f47d116d157b11cb729ba9a01a5939becb83783da6ee8794dfe05ccfa1dc5a85fe9e7b87fc12f6f4b276b5dc79ce0, 3f2439eecffaf44ebdb23442b55fb375e791afc4c3297141b95626687d7a47d8f73b87e206c9147c31680dcbb6e3e8124e578c88ce31d88c46565c297a7d4cf2, b5349c5886be516f125ad5b6abba0a1ed6aed450355d506068d3eb8fa469b83a331d2488e9e6f039ee876e91166275adfa7ee4b24f27f5058177c5989df8c71e]",60093167af89a1829edab1f13e398e2d8eb6863866ab01e5589582636f7a27ab20579ea80356697ac47315f4e11241d469390953b59850c849af6d9ef3984582,"[google-analytics.com, doubleclick.net]"
4a7c199858478bff603f1ea79aa81f9a8859069291971451b1fdcd682a66d896d846c8131ce6556a6f3c16177d73546d7878cda5758b238039c6451dd93b7df9,Native Android,4/28/2016,13:49:09,Eastern Daylight Time,N/A,N/A,"[N/A, 1f3369905b96853d41ea312741227edc6f3f47d116d157b11cb729ba9a01a5939becb83783da6ee8794dfe05ccfa1dc5a85fe9e7b87fc12f6f4b276b5dc79ce0, 3f2439eecffaf44ebdb23442b55fb375e791afc4c3297141b95626687d7a47d8f73b87e206c9147c31680dcbb6e3e8124e578c88ce31d88c46565c297a7d4cf2, N/A]",60093167af89a1829edab1f13e398e2d8eb6863866ab01e5589582636f7a27ab20579ea80356697ac47315f4e11241d469390953b59850c849af6d9ef3984582,"[google-analytics.com, doubleclick.net]"
N/A,Native Android,4/28/2016,13:49:28,Eastern Daylight Time,N/A,N/A,"[N/A, c9d9f06d5e24609ca4ef4dfdf66dc5b5991774c66d710840b289f1ffb7c81449baab615e9c05cf294bc444e6bba47eea5e62f94d6122a90e67d13d9e584c0f96, 3f2439eecffaf44ebdb23442b55fb375e791afc4c3297141b95626687d7a47d8f73b87e206c9147c31680dcbb6e3e8124e578c88ce31d88c46565c297a7d4cf2, a853ebbe735097ca95fc9ccbfea23c32b7b869309da48177f5f7e3e0b325f3fab6c809921e4a2d47937ff1ac1ead5edfb86af9077c7cd8ef92c7c0b0128b0f82]",9f23e2442813cb70009592ea7efc23b387b99495b3afcba5bd520cf935ab1028829789e51d0549e2d964ad49cdf86176c6d91f53366d22348e8c76218bc84c65,"[ajax.googleapis.com, doubleclick.net, googletagmanager.com, google.com, fonts.googleapis.com, maps.googleapis.com, googleusercontent.com, khms0.googleapis.com, content.googleapis.com, gstatic.com, commondatastorage.googleapis.com, google-analytics.com, khms1.googleapis.com]"
N/A,Native Android,4/28/2016,13:49:30,Eastern Daylight Time,N/A,N/A,"[N/A, c9d9f06d5e24609ca4ef4dfdf66dc5b5991774c66d710840b289f1ffb7c81449baab615e9c05cf294bc444e6bba47eea5e62f94d6122a90e67d13d9e584c0f96, 3f2439eecffaf44ebdb23442b55fb375e791afc4c3297141b95626687d7a47d8f73b87e206c9147c31680dcbb6e3e8124e578c88ce31d88c46565c297a7d4cf2, a853ebbe735097ca95fc9ccbfea23c32b7b869309da48177f5f7e3e0b325f3fab6c809921e4a2d47937ff1ac1ead5edfb86af9077c7cd8ef92c7c0b0128b0f82]",164f91591764e9419447b55ff5802b363f069c08fa9c056b9e9b5302c8413247f6af839c2c57662c74344c55caedea0a62b997407fb0cfe05728fe4394c16f41,"[ajax.googleapis.com, doubleclick.net, googletagmanager.com, google.com, fonts.googleapis.com, maps.googleapis.com, googleusercontent.com, khms0.googleapis.com, content.googleapis.com, gstatic.com, commondatastorage.googleapis.com, google-analytics.com, khms1.googleapis.com]"
N/A,Native Android,4/28/2016,13:49:34,Eastern Daylight Time,N/A,N/A,"[N/A, c91c91234557549e6b049c18ab7b0ba52885d222e938127e6b1507a6c4ff99ca2e44707499f786f0518072624c5f08396c127e27b890a53c14b8d9eb77aa4d8f, 3f2439eecffaf44ebdb23442b55fb375e791afc4c3297141b95626687d7a47d8f73b87e206c9147c31680dcbb6e3e8124e578c88ce31d88c46565c297a7d4cf2, 033ac96d995b261b062657b66c440f6694a3c1e3a7c836e3fe761c4e36bacb7ce81a4b29ce1c3c415b1ec58a599dbf79c238e6c9ce3dd9182a9d90d138d80c0d]",00e2c46a0e4fe8cadfcda351134c572c12c2a24f77b6165d98dd57e41383ed57086dfdc42244e2e25b9020e9f26aac482fb932d8177617e62dd5ff92b3b9f81c,"[googletagservices.com, scorecardresearch.com, crwdcntrl.net, collective-media.net, exelator.com, adadvisor.net, doubleclick.net, fonts.googleapis.com, adsymptotic.com, lijit.com, bootstrapcdn.com, teama2p.com, googlesyndication.com, wp.com, agkn.com, quantserve.com, adbrn.com, nexac.com, univide.com, rlcdn.com, tapad.com, adsafeprotected.com, wishpond.net, yahoo.com, betrad.com, visto1.net, mathtag.com, ml314.com, wishpond.com, siteapps.com, openx.net, google-analytics.com]"
4a7c199858478bff603f1ea79aa81f9a8859069291971451b1fdcd682a66d896d846c8131ce6556a6f3c16177d73546d7878cda5758b238039c6451dd93b7df9,Native Android,4/28/2016,13:49:58,Eastern Daylight Time,N/A,N/A,"[N/A, 1f3369905b96853d41ea312741227edc6f3f47d116d157b11cb729ba9a01a5939becb83783da6ee8794dfe05ccfa1dc5a85fe9e7b87fc12f6f4b276b5dc79ce0, 3f2439eecffaf44ebdb23442b55fb375e791afc4c3297141b95626687d7a47d8f73b87e206c9147c31680dcbb6e3e8124e578c88ce31d88c46565c297a7d4cf2, 20dd1555ac61119d6ae570cf57405bd823005a195a9c5805eed28b6d48d34fd0eff391101953b7a95f33636577b3ee1278bc2b6655d5d2d5d370a8ef0c818904]",60093167af89a1829edab1f13e398e2d8eb6863866ab01e5589582636f7a27ab20579ea80356697ac47315f4e11241d469390953b59850c849af6d9ef3984582,"[google-analytics.com, doubleclick.net]"
4a7c199858478bff603f1ea79aa81f9a8859069291971451b1fdcd682a66d896d846c8131ce6556a6f3c16177d73546d7878cda5758b238039c6451dd93b7df9,Native Android,4/28/2016,13:50:55,Eastern Daylight Time,N/A,N/A,"[N/A, c9d9f06d5e24609ca4ef4dfdf66dc5b5991774c66d710840b289f1ffb7c81449baab615e9c05cf294bc444e6bba47eea5e62f94d6122a90e67d13d9e584c0f96, 3f2439eecffaf44ebdb23442b55fb375e791afc4c3297141b95626687d7a47d8f73b87e206c9147c31680dcbb6e3e8124e578c88ce31d88c46565c297a7d4cf2, 9b92b487e44ecffa760f51b6c639b76a07f93c05523992038dac71195a36716f3869bda75cac37ed9aa5e7b5558b637c08f108340ad98176444988fc4e95e2f7]",39aecca410c1967e860de214c053e593a34579e188ab795741bfeb5edca50cadbd0d8741a7fabdbca5296286996c86ba551f97babbe0feb7fca7fbd5f8fced7f,"[ajax.googleapis.com, doubleclick.net, googletagmanager.com, google.com, fonts.googleapis.com, maps.googleapis.com, googleusercontent.com, khms0.googleapis.com, content.googleapis.com, gstatic.com, commondatastorage.googleapis.com, google-analytics.com, khms1.googleapis.com]"
N/A,Native Android,4/28/2016,13:51:09,Eastern Daylight Time,N/A,N/A,"[N/A, c9d9f06d5e24609ca4ef4dfdf66dc5b5991774c66d710840b289f1ffb7c81449baab615e9c05cf294bc444e6bba47eea5e62f94d6122a90e67d13d9e584c0f96, 3f2439eecffaf44ebdb23442b55fb375e791afc4c3297141b95626687d7a47d8f73b87e206c9147c31680dcbb6e3e8124e578c88ce31d88c46565c297a7d4cf2, a853ebbe735097ca95fc9ccbfea23c32b7b869309da48177f5f7e3e0b325f3fab6c809921e4a2d47937ff1ac1ead5edfb86af9077c7cd8ef92c7c0b0128b0f82]",818d9af2e27bd773b234f1e0e3c51f1bfa08ca03c2a9fe4e0cb21f0b88b01543d95897d8746865fe2b0954d5316113f59bdc800d326b8d8b786ab056b530ab8e,"[ajax.googleapis.com, doubleclick.net, googletagmanager.com, google.com, fonts.googleapis.com, maps.googleapis.com, googleusercontent.com, khms0.googleapis.com, content.googleapis.com, gstatic.com, commondatastorage.googleapis.com, google-analytics.com, khms1.googleapis.com]"
N/A,Native Android,4/28/2016,13:51:17,Eastern Daylight Time,N/A,N/A,"[N/A, c9d9f06d5e24609ca4ef4dfdf66dc5b5991774c66d710840b289f1ffb7c81449baab615e9c05cf294bc444e6bba47eea5e62f94d6122a90e67d13d9e584c0f96, 3f2439eecffaf44ebdb23442b55fb375e791afc4c3297141b95626687d7a47d8f73b87e206c9147c31680dcbb6e3e8124e578c88ce31d88c46565c297a7d4cf2, a853ebbe735097ca95fc9ccbfea23c32b7b869309da48177f5f7e3e0b325f3fab6c809921e4a2d47937ff1ac1ead5edfb86af9077c7cd8ef92c7c0b0128b0f82]",9cd99e1a44aefebdf946abb2dd5cade23adb4bdabea8ea8baa1dcb2a28d0baaff85f8824fef012b379f5632522d75d4b579752445437a967ecfb142c94e6809e,"[ajax.googleapis.com, doubleclick.net, googletagmanager.com, google.com, fonts.googleapis.com, maps.googleapis.com, googleusercontent.com, khms0.googleapis.com, content.googleapis.com, gstatic.com, commondatastorage.googleapis.com, google-analytics.com, khms1.googleapis.com]"
N/A,Native Android,4/28/2016,13:51:24,Eastern Daylight Time,N/A,N/A,"[N/A, c9d9f06d5e24609ca4ef4dfdf66dc5b5991774c66d710840b289f1ffb7c81449baab615e9c05cf294bc444e6bba47eea5e62f94d6122a90e67d13d9e584c0f96, 3f2439eecffaf44ebdb23442b55fb375e791afc4c3297141b95626687d7a47d8f73b87e206c9147c31680dcbb6e3e8124e578c88ce31d88c46565c297a7d4cf2, a853ebbe735097ca95fc9ccbfea23c32b7b869309da48177f5f7e3e0b325f3fab6c809921e4a2d47937ff1ac1ead5edfb86af9077c7cd8ef92c7c0b0128b0f82]",5fb39c0ccc6bcc908d62868187da79d76c7cca7d9ef7d33566fb650852862c0f6a6cc5e0ff08390db645244199ec3ff7539de757edbbebcf654d9fb54e940f33,"[ajax.googleapis.com, doubleclick.net, googletagmanager.com, google.com, fonts.googleapis.com, maps.googleapis.com, googleusercontent.com, khms0.googleapis.com, content.googleapis.com, gstatic.com, commondatastorage.googleapis.com, google-analytics.com, khms1.googleapis.com]"
N/A,Native Android,4/28/2016,13:51:42,Eastern Daylight Time,N/A,N/A,"[N/A, 1f3369905b96853d41ea312741227edc6f3f47d116d157b11cb729ba9a01a5939becb83783da6ee8794dfe05ccfa1dc5a85fe9e7b87fc12f6f4b276b5dc79ce0, 3f2439eecffaf44ebdb23442b55fb375e791afc4c3297141b95626687d7a47d8f73b87e206c9147c31680dcbb6e3e8124e578c88ce31d88c46565c297a7d4cf2, dd988a99f9558cd25b489da316f65964f8f8d845792ac70eab641344d0780ff30b130d113e2866a6e41b9dd25b3c71c06b816f367f77fa67d984cd5bee5524dd]",60093167af89a1829edab1f13e398e2d8eb6863866ab01e5589582636f7a27ab20579ea80356697ac47315f4e11241d469390953b59850c849af6d9ef3984582,"[google-analytics.com, doubleclick.net]"
4a7c199858478bff603f1ea79aa81f9a8859069291971451b1fdcd682a66d896d846c8131ce6556a6f3c16177d73546d7878cda5758b238039c6451dd93b7df9,Native Android,4/28/2016,13:55:56,Eastern Daylight Time,N/A,N/A,"[N/A, 6bfd4013e37554320bef1e569de1a60055c42646b67fa8a7bfe8857bda07ad3441b92de65c3d995c673d657075570a4f1916aaffbc9f0f8311f22269c6a3be8f, 3f2439eecffaf44ebdb23442b55fb375e791afc4c3297141b95626687d7a47d8f73b87e206c9147c31680dcbb6e3e8124e578c88ce31d88c46565c297a7d4cf2, N/A]",ff3457173e7bf17593bab6fa747cb44a1cb4ed8302261884e958f0c2de8028f291ec70a5be1abf4290581ad4ba311cbc6bcb7d0efc3f63a0632863cf7d794171,"[bdstatic.com, bdimg.com, baidu-img.cn, baidustatic.com]"
N/A,Native Android,4/28/2016,13:55:58,Eastern Daylight Time,N/A,N/A,"[b9e30d18326998ec90acf500ab1b32941f759eee8111ed2e33ad39d1ac777cd8f63fc525bd4b4e5e251e69b5e7b5cf039ddd5887b02ead21faf3de2d9f6161c1, 6bfd4013e37554320bef1e569de1a60055c42646b67fa8a7bfe8857bda07ad3441b92de65c3d995c673d657075570a4f1916aaffbc9f0f8311f22269c6a3be8f, 3f2439eecffaf44ebdb23442b55fb375e791afc4c3297141b95626687d7a47d8f73b87e206c9147c31680dcbb6e3e8124e578c88ce31d88c46565c297a7d4cf2, N/A]",N/A,"N/A"
N/A,Native Android,4/28/2016,13:56:02,Eastern Daylight Time,N/A,N/A,"[6a669e8a1c933c8ac902f421acb87b96e1057f62341fe6fde389350f2f3c7e149951273341e317e1c62599900a8881443b6ba139649ec2046ecb2ca9f3038eea, 6bfd4013e37554320bef1e569de1a60055c42646b67fa8a7bfe8857bda07ad3441b92de65c3d995c673d657075570a4f1916aaffbc9f0f8311f22269c6a3be8f, 3f2439eecffaf44ebdb23442b55fb375e791afc4c3297141b95626687d7a47d8f73b87e206c9147c31680dcbb6e3e8124e578c88ce31d88c46565c297a7d4cf2, 1082867a8cae1c15364ea2b1c76de1a24782402afa73af17d7b1b0a8111993ff3798339ceca365a4738884eab96a2987671ed700db931d7e8d95e426ff912e45]",N/A,"[bdstatic.com, baidu-img.cn, baidustatic.com]"
4a7c199858478bff603f1ea79aa81f9a8859069291971451b1fdcd682a66d896d846c8131ce6556a6f3c16177d73546d7878cda5758b238039c6451dd93b7df9,Native Android,4/28/2016,13:57:08,Eastern Daylight Time,N/A,N/A,"[N/A, c9d9f06d5e24609ca4ef4dfdf66dc5b5991774c66d710840b289f1ffb7c81449baab615e9c05cf294bc444e6bba47eea5e62f94d6122a90e67d13d9e584c0f96, 3f2439eecffaf44ebdb23442b55fb375e791afc4c3297141b95626687d7a47d8f73b87e206c9147c31680dcbb6e3e8124e578c88ce31d88c46565c297a7d4cf2, 9b92b487e44ecffa760f51b6c639b76a07f93c05523992038dac71195a36716f3869bda75cac37ed9aa5e7b5558b637c08f108340ad98176444988fc4e95e2f7]",39aecca410c1967e860de214c053e593a34579e188ab795741bfeb5edca50cadbd0d8741a7fabdbca5296286996c86ba551f97babbe0feb7fca7fbd5f8fced7f,"[ajax.googleapis.com, doubleclick.net, googletagmanager.com, google.com, fonts.googleapis.com, maps.googleapis.com, googleusercontent.com, khms0.googleapis.com, content.googleapis.com, gstatic.com, commondatastorage.googleapis.com, google-analytics.com, khms1.googleapis.com]"
N/A,Native Android,4/28/2016,13:57:20,Eastern Daylight Time,N/A,N/A,"[b9e30d18326998ec90acf500ab1b32941f759eee8111ed2e33ad39d1ac777cd8f63fc525bd4b4e5e251e69b5e7b5cf039ddd5887b02ead21faf3de2d9f6161c1, bbbe48f2755a157a244f793d7dfab68cccbe16560aa9a56dd50e075018e6eb7a2002fe8ffcfe2fe81ed2cbb4c675a9ac17ace6a330a9a061b579fc2ed6c238c7, 297fb5728cd829a3b854560e5adbd758edffa7ff803f38f9823e30603299c0d434232a011544b99c46e096baf9e54721230e407a3c7e2bb616e5d8ad0994d4b5, N/A]",60093167af89a1829edab1f13e398e2d8eb6863866ab01e5589582636f7a27ab20579ea80356697ac47315f4e11241d469390953b59850c849af6d9ef3984582,"N/A"
N/A,Native Android,4/28/2016,13:57:11,Eastern Daylight Time,N/A,N/A,"[N/A, c9d9f06d5e24609ca4ef4dfdf66dc5b5991774c66d710840b289f1ffb7c81449baab615e9c05cf294bc444e6bba47eea5e62f94d6122a90e67d13d9e584c0f96, 3f2439eecffaf44ebdb23442b55fb375e791afc4c3297141b95626687d7a47d8f73b87e206c9147c31680dcbb6e3e8124e578c88ce31d88c46565c297a7d4cf2, a853ebbe735097ca95fc9ccbfea23c32b7b869309da48177f5f7e3e0b325f3fab6c809921e4a2d47937ff1ac1ead5edfb86af9077c7cd8ef92c7c0b0128b0f82]",f91a4ff24aff878030e4750647a5d88c0c1815460362136dfa1c561585d604cb093cff933cdd29073c4a5b9ef9a3b8822dc9385b8d7888e47380cb5019e23785,"[ajax.googleapis.com, doubleclick.net, googletagmanager.com, google.com, fonts.googleapis.com, maps.googleapis.com, googleusercontent.com, khms0.googleapis.com, content.googleapis.com, gstatic.com, commondatastorage.googleapis.com, google-analytics.com, khms1.googleapis.com]"
4a7c199858478bff603f1ea79aa81f9a8859069291971451b1fdcd682a66d896d846c8131ce6556a6f3c16177d73546d7878cda5758b238039c6451dd93b7df9,Native Android,4/28/2016,13:58:41,Eastern Daylight Time,N/A,N/A,"[N/A, 1f3369905b96853d41ea312741227edc6f3f47d116d157b11cb729ba9a01a5939becb83783da6ee8794dfe05ccfa1dc5a85fe9e7b87fc12f6f4b276b5dc79ce0, 3f2439eecffaf44ebdb23442b55fb375e791afc4c3297141b95626687d7a47d8f73b87e206c9147c31680dcbb6e3e8124e578c88ce31d88c46565c297a7d4cf2, N/A]",60093167af89a1829edab1f13e398e2d8eb6863866ab01e5589582636f7a27ab20579ea80356697ac47315f4e11241d469390953b59850c849af6d9ef3984582,"[google-analytics.com, doubleclick.net]"
N/A,Native Android,4/28/2016,13:58:26,Eastern Daylight Time,N/A,N/A,"[N/A, 1f3369905b96853d41ea312741227edc6f3f47d116d157b11cb729ba9a01a5939becb83783da6ee8794dfe05ccfa1dc5a85fe9e7b87fc12f6f4b276b5dc79ce0, 3f2439eecffaf44ebdb23442b55fb375e791afc4c3297141b95626687d7a47d8f73b87e206c9147c31680dcbb6e3e8124e578c88ce31d88c46565c297a7d4cf2, eb37da1b3810c384cbea8d6f932f9b68f736b3d744f482a23b26692746ae6632241233a74eb006baf2048ee8fbfffff393050c205a610a505532ef8966a35621]",60093167af89a1829edab1f13e398e2d8eb6863866ab01e5589582636f7a27ab20579ea80356697ac47315f4e11241d469390953b59850c849af6d9ef3984582,"[google-analytics.com, doubleclick.net]"
N/A,Native Android,4/28/2016,13:58:12,Eastern Daylight Time,N/A,N/A,"[N/A, 1f3369905b96853d41ea312741227edc6f3f47d116d157b11cb729ba9a01a5939becb83783da6ee8794dfe05ccfa1dc5a85fe9e7b87fc12f6f4b276b5dc79ce0, 3f2439eecffaf44ebdb23442b55fb375e791afc4c3297141b95626687d7a47d8f73b87e206c9147c31680dcbb6e3e8124e578c88ce31d88c46565c297a7d4cf2, 8cd2339ab77198b830af5776a7d84f11ac240335053c023f7def035a6c2d59a6125c0bb009856ac69b8523c1d91f07c7ba52127f987b93a9d9f4f40c236d2d86]",60093167af89a1829edab1f13e398e2d8eb6863866ab01e5589582636f7a27ab20579ea80356697ac47315f4e11241d469390953b59850c849af6d9ef3984582,"[google-analytics.com, doubleclick.net]"
N/A,Native Android,4/28/2016,13:58:35,Eastern Daylight Time,N/A,N/A,"[N/A, 1f3369905b96853d41ea312741227edc6f3f47d116d157b11cb729ba9a01a5939becb83783da6ee8794dfe05ccfa1dc5a85fe9e7b87fc12f6f4b276b5dc79ce0, 3f2439eecffaf44ebdb23442b55fb375e791afc4c3297141b95626687d7a47d8f73b87e206c9147c31680dcbb6e3e8124e578c88ce31d88c46565c297a7d4cf2, cfb95c5bb564a18c833f6aa4ff2a0e0c3e92ec79817741cb27afd34f2fca6e9a537a56ac74ab8429fa86b60b0c6a13de40658625753abccc38183bb63d594b45]",60093167af89a1829edab1f13e398e2d8eb6863866ab01e5589582636f7a27ab20579ea80356697ac47315f4e11241d469390953b59850c849af6d9ef3984582,"[google-analytics.com, doubleclick.net]"
4a7c199858478bff603f1ea79aa81f9a8859069291971451b1fdcd682a66d896d846c8131ce6556a6f3c16177d73546d7878cda5758b238039c6451dd93b7df9,Native Android,4/28/2016,13:59:13,Eastern Daylight Time,N/A,N/A,"[b9e30d18326998ec90acf500ab1b32941f759eee8111ed2e33ad39d1ac777cd8f63fc525bd4b4e5e251e69b5e7b5cf039ddd5887b02ead21faf3de2d9f6161c1, bbbe48f2755a157a244f793d7dfab68cccbe16560aa9a56dd50e075018e6eb7a2002fe8ffcfe2fe81ed2cbb4c675a9ac17ace6a330a9a061b579fc2ed6c238c7, 297fb5728cd829a3b854560e5adbd758edffa7ff803f38f9823e30603299c0d434232a011544b99c46e096baf9e54721230e407a3c7e2bb616e5d8ad0994d4b5, N/A]",5a97b029fc224a320ecc1e94c2984aae75338ea10a2cc0c233d5246cb64ad32959eb8a849788f86a7d7d0ba925af872fa931c57c42d8e1d8d7dca22ee6e0a118,"N/A"
N/A,Native Android,4/28/2016,13:59:10,Eastern Daylight Time,N/A,N/A,"[N/A, bbbe48f2755a157a244f793d7dfab68cccbe16560aa9a56dd50e075018e6eb7a2002fe8ffcfe2fe81ed2cbb4c675a9ac17ace6a330a9a061b579fc2ed6c238c7, 3f2439eecffaf44ebdb23442b55fb375e791afc4c3297141b95626687d7a47d8f73b87e206c9147c31680dcbb6e3e8124e578c88ce31d88c46565c297a7d4cf2, N/A]",67711680b9e855c9dc0f49489dbd4cd50e52866724257b9ad5eb8500ce2c15b90bea6545e9533fe280d3ca5c9c45a632400cc02a00b7de8167c160494c9de546,"N/A"
4a7c199858478bff603f1ea79aa81f9a8859069291971451b1fdcd682a66d896d846c8131ce6556a6f3c16177d73546d7878cda5758b238039c6451dd93b7df9,Native Android,4/28/2016,14:00:36,Eastern Daylight Time,N/A,N/A,"[N/A, c9d9f06d5e24609ca4ef4dfdf66dc5b5991774c66d710840b289f1ffb7c81449baab615e9c05cf294bc444e6bba47eea5e62f94d6122a90e67d13d9e584c0f96, 3f2439eecffaf44ebdb23442b55fb375e791afc4c3297141b95626687d7a47d8f73b87e206c9147c31680dcbb6e3e8124e578c88ce31d88c46565c297a7d4cf2, 9b92b487e44ecffa760f51b6c639b76a07f93c05523992038dac71195a36716f3869bda75cac37ed9aa5e7b5558b637c08f108340ad98176444988fc4e95e2f7]",39aecca410c1967e860de214c053e593a34579e188ab795741bfeb5edca50cadbd0d8741a7fabdbca5296286996c86ba551f97babbe0feb7fca7fbd5f8fced7f,"[ajax.googleapis.com, doubleclick.net, googletagmanager.com, google.com, fonts.googleapis.com, maps.googleapis.com, googleusercontent.com, khms0.googleapis.com, content.googleapis.com, gstatic.com, commondatastorage.googleapis.com, google-analytics.com, khms1.googleapis.com]"
N/A,Native Android,4/28/2016,14:00:16,Eastern Daylight Time,N/A,N/A,"[N/A, 1f3369905b96853d41ea312741227edc6f3f47d116d157b11cb729ba9a01a5939becb83783da6ee8794dfe05ccfa1dc5a85fe9e7b87fc12f6f4b276b5dc79ce0, 3f2439eecffaf44ebdb23442b55fb375e791afc4c3297141b95626687d7a47d8f73b87e206c9147c31680dcbb6e3e8124e578c88ce31d88c46565c297a7d4cf2, N/A]",60093167af89a1829edab1f13e398e2d8eb6863866ab01e5589582636f7a27ab20579ea80356697ac47315f4e11241d469390953b59850c849af6d9ef3984582,"[google-analytics.com, doubleclick.net]"
N/A,Native Android,4/28/2016,13:59:54,Eastern Daylight Time,N/A,N/A,"[b9e30d18326998ec90acf500ab1b32941f759eee8111ed2e33ad39d1ac777cd8f63fc525bd4b4e5e251e69b5e7b5cf039ddd5887b02ead21faf3de2d9f6161c1, 6bfd4013e37554320bef1e569de1a60055c42646b67fa8a7bfe8857bda07ad3441b92de65c3d995c673d657075570a4f1916aaffbc9f0f8311f22269c6a3be8f, 3f2439eecffaf44ebdb23442b55fb375e791afc4c3297141b95626687d7a47d8f73b87e206c9147c31680dcbb6e3e8124e578c88ce31d88c46565c297a7d4cf2, N/A]",N/A,"N/A"
N/A,Native Android,4/28/2016,14:00:28,Eastern Daylight Time,N/A,N/A,"[6a669e8a1c933c8ac902f421acb87b96e1057f62341fe6fde389350f2f3c7e149951273341e317e1c62599900a8881443b6ba139649ec2046ecb2ca9f3038eea, 6bfd4013e37554320bef1e569de1a60055c42646b67fa8a7bfe8857bda07ad3441b92de65c3d995c673d657075570a4f1916aaffbc9f0f8311f22269c6a3be8f, 3f2439eecffaf44ebdb23442b55fb375e791afc4c3297141b95626687d7a47d8f73b87e206c9147c31680dcbb6e3e8124e578c88ce31d88c46565c297a7d4cf2, 1082867a8cae1c15364ea2b1c76de1a24782402afa73af17d7b1b0a8111993ff3798339ceca365a4738884eab96a2987671ed700db931d7e8d95e426ff912e45]",N/A,"[bdstatic.com, baidu-img.cn, baidustatic.com]"
